hit	페이지	민지
hit	페이지	지훈
hit	페이지	수아
hit	페이지	가족|엄마
miss	페이지	태윤|태윤 선배
miss	페이지	하은
miss	페이지	김교수님|김 교수|교수님
hit	페이지	달리기
hit	페이지	커피
hit	페이지	수면
hit	페이지	러너스 니|장경인대 증후군|무릎
hit	페이지	헬스장|헬스
hit	페이지	신경망
hit	페이지	CNN
hit	페이지	트랜스포머
hit	페이지	DETR
hit	페이지	ResNet
hit	페이지	프로세스
hit	페이지	스레드
hit	페이지	동기화|세마포어|뮤텍스
hit	페이지	데드락
miss	페이지	정규화
miss	페이지	트랜잭션
miss	페이지	가설검정|t검정|p값
hit	페이지	회귀|단순 선형 회귀|선형 회귀
hit	페이지	기회비용|경제학원론
hit	페이지	캡스톤 프로젝트|캡스톤|도서관 좌석 알림 앱
hit	페이지	알고리즘 스터디
hit	페이지	DP|동적 계획법|동적 프로그래밍
hit	페이지	모두테크|모두테크 데이터 인턴|모두테크 인턴
hit	페이지	자소서|자기소개서
hit	페이지	부산 여행|부산
miss	페이지	코딩테스트|코딩 테스트|코테
hit	페이지	느리게 걷기
hit	페이지	인터스텔라
hit	페이지	클린 코드
hit	페이지	사피엔스
hit	금지	운영체제 1주차
hit	금지	운영체제 2주차
hit	금지	운영체제 3주차
hit	금지	운영체제 4주차
hit	금지	운영체제 5주차
hit	금지	딥러닝 2주차
hit	금지	일기
hit	금지	강의
hit	금지	주간회의
hit	링크	DETR ↔ 트랜스포머
hit	링크	DETR ↔ ResNet
miss	링크	DETR ↔ CNN
hit	링크	ResNet ↔ CNN
hit	링크	민지 ↔ 달리기
hit	링크	달리기 ↔ 러너스 니|장경인대 증후군|무릎|헬스장|헬스
hit	링크	부산 여행|부산 ↔ 민지
hit	링크	느리게 걷기 ↔ 민지
hit	링크	캡스톤 프로젝트|캡스톤|도서관 좌석 알림 앱 ↔ 지훈
hit	링크	캡스톤 프로젝트|캡스톤|도서관 좌석 알림 앱 ↔ 수아
hit	링크	캡스톤 프로젝트|캡스톤|도서관 좌석 알림 앱 ↔ 정규화|관계형 모델|데이터베이스|관계형 데이터베이스
miss	링크	동기화|세마포어|뮤텍스 ↔ 트랜잭션
miss	링크	동기화|세마포어|뮤텍스 ↔ 데드락
hit	링크	알고리즘 스터디 ↔ DP|동적 계획법|동적 프로그래밍
miss	링크	코딩테스트|코딩 테스트|코테 ↔ DP|동적 계획법|동적 프로그래밍
miss	링크	모두테크|모두테크 데이터 인턴|모두테크 인턴 ↔ 자소서|자기소개서|캡스톤 프로젝트|캡스톤|도서관 좌석 알림 앱
hit	링크	기회비용|경제학원론 ↔ 노트북|느리게 걷기|커피
hit	링크	신경망 ↔ CNN|활성함수|역전파
hit	링크	프로세스 ↔ 스레드
hit	사실	DETR ⊃ "object query"
hit	사실	DETR ⊃ "헝가리안"
hit	사실	민지 ⊃ "58분|57분"
hit	사실	민지 ⊃ "10km"
hit	사실	러너스 니|장경인대 증후군|무릎|달리기 ⊃ "2주"
hit	사실	커피 ⊃ "디카페인"
hit	사실	신경망 ⊃ "기울기 소실|역전파"
miss	사실	트랜잭션 ⊃ "ACID"
hit	사실	데드락 ⊃ "은행원"
hit	사실	모두테크|모두테크 데이터 인턴|모두테크 인턴 ⊃ "합격|붙었"
hit	사실	캡스톤 프로젝트|캡스톤|도서관 좌석 알림 앱 ⊃ "5분|크롤링"
hit	사실	가계부|커피 ⊃ "94,000|9만"
hit	사실	부산 여행|부산 ⊃ "19만|밀면|돼지국밥"
page	-	CNN
page	-	CPU 스케줄링
page	-	DETR
page	-	DP
page	-	ResNet
page	-	SQL
page	-	object query
page	-	가계부
page	-	가상 메모리
page	-	가족
page	-	경제학원론
page	-	계획 오류
page	-	공유지의 비극
page	-	과제 1
page	-	김치볶음밥
page	-	나
page	-	노트북
page	-	느리게 걷기
page	-	다중 회귀
page	-	단순 선형 회귀
page	-	달리기
page	-	데드락
page	-	데이터베이스
page	-	도서관 좌석 알림 앱
page	-	동기화
page	-	러너스 니
page	-	모두테크
page	-	민지
page	-	부산 여행
page	-	사피엔스
page	-	세마포어
page	-	수면
page	-	수아
page	-	스레드
page	-	신경망
page	-	알고리즘 스터디
page	-	앱 아이디어
page	-	운영체제
page	-	인덱스
page	-	인터스텔라
page	-	자소서
page	-	자취
page	-	지훈
page	-	진로 고민
page	-	캡스톤 DB
page	-	커피
page	-	컨텍스트 스위치
page	-	클린 코드
page	-	토마토 파스타
page	-	통계학
page	-	트랜스포머
page	-	판다스
page	-	프로세스
page	-	헝가리안 알고리즘
page	-	헬스
